day,value.year
2012-08-20,7.85
2012-08-21,7.82
2012-08-22,7.81
2012-08-23,7.81
2012-08-24,7.82
2012-08-27,7.83
2012-08-28,7.83
2012-08-29,7.82
2012-08-30,7.38
2012-08-31,7.38
2012-09-03,7.41
2012-09-04,7.39
2012-09-05,7.39
2012-09-06,7.39
2012-09-10,7.38
2012-09-11,7.37
2012-09-12,7.36
2012-09-13,7.36
2012-09-14,7.35
2012-09-17,7.34
2012-09-18,7.33
2012-09-19,7.33
2012-09-20,7.35
2012-09-21,7.35
2012-09-24,7.35
2012-09-25,7.38
2012-09-26,7.37
2012-09-27,7.36
2012-09-28,7.36
2012-10-01,7.36
2012-10-02,7.35
2012-10-03,7.36
2012-10-04,7.36
2012-10-05,7.36
2012-10-08,7.36
2012-10-09,7.35
2012-10-10,7.33
2012-10-11,7.04
2012-10-15,7.04
2012-10-16,7.05
2012-10-17,7.06
2012-10-18,7.08
2012-10-19,7.08
2012-10-22,7.12
2012-10-23,7.12
2012-10-24,7.13
2012-10-25,7.11
2012-10-26,7.09
2012-10-29,7.08
2012-10-30,7.07
2012-10-31,7.09
2012-11-01,7.11
2012-11-05,7.12
2012-11-06,7.12
2012-11-07,7.13
2012-11-08,7.09
2012-11-09,7.09
2012-11-12,7.07
2012-11-13,7.06
2012-11-14,7.06
2012-11-16,7.05
2012-11-19,7.03
2012-11-20,7.01
2012-11-21,6.99
2012-11-22,7.09
2012-11-23,7.12
2012-11-26,7.13
2012-11-27,7.12
2012-11-28,7.11
2012-11-29,7.07
2012-11-30,7.06
2012-12-03,7.07
2012-12-04,7.07
2012-12-05,7.06
2012-12-06,7.05
2012-12-07,7.04
2012-12-10,7.01
2012-12-11,6.97
2012-12-12,6.97
2012-12-13,6.95
2012-12-14,6.90
2012-12-17,6.89
2012-12-18,6.87
2012-12-19,6.84
2012-12-20,6.85
2012-12-21,6.87
2012-12-24,6.87
2012-12-26,6.90
2012-12-27,6.90
2012-12-28,6.90
2012-12-31,6.90
2013-01-02,6.92
2013-01-03,6.92
2013-01-04,6.93
2013-01-07,6.92
2013-01-08,6.91
2013-01-09,6.90
2013-01-10,6.91
2013-01-11,6.92
2013-01-14,6.93
2013-01-15,6.94
2013-01-16,6.94
2013-01-17,6.94
2013-01-18,6.92
2013-01-21,6.93
2013-01-22,6.93
2013-01-23,6.93
2013-01-24,6.93
2013-01-25,6.94
2013-01-28,6.94
2013-01-29,6.95
2013-01-30,6.95
2013-01-31,6.95
2013-02-01,6.95
2013-02-04,6.96
2013-02-05,6.96
2013-02-06,6.96
2013-02-07,6.95
2013-02-08,6.95
2013-02-13,6.95
2013-02-14,6.94
2013-02-15,6.94
2013-02-18,6.94
2013-02-19,6.93
2013-02-20,6.95
2013-02-21,6.95
2013-02-22,6.96
2013-02-25,7.00
2013-02-26,6.98
2013-02-27,6.98
2013-02-28,6.98
2013-03-01,6.98
2013-03-04,6.99
2013-03-05,6.99
2013-03-06,6.99
2013-03-07,6.99
2013-03-08,6.99
2013-03-11,6.99
2013-03-12,6.99
2013-03-13,6.99
2013-03-14,6.99
2013-03-15,6.99
2013-03-18,6.99
2013-03-19,6.99
2013-03-20,6.99
2013-03-21,6.99
2013-03-22,6.99
2013-03-25,6.99
2013-03-26,6.99
2013-03-27,6.99
2013-03-28,7.01
2013-04-01,7.02
2013-04-02,7.02
2013-04-03,7.01
2013-04-04,7.01
2013-04-05,7.01
2013-04-08,7.01
2013-04-09,7.01
2013-04-10,7.01
2013-04-11,7.01
2013-04-12,7.01
2013-04-15,7.01
2013-04-16,7.00
2013-04-17,7.00
2013-04-18,7.24
2013-04-19,7.24
2013-04-22,7.24
2013-04-23,7.24
2013-04-24,7.24
2013-04-25,7.24
2013-04-26,7.23
2013-04-29,7.23
2013-04-30,7.23
2013-05-02,7.23
2013-05-03,7.23
2013-05-06,7.24
2013-05-07,7.24
2013-05-08,7.23
2013-05-09,7.24
2013-05-10,7.23
2013-05-13,7.22
2013-05-14,7.22
2013-05-15,7.22
2013-05-16,7.22
2013-05-17,7.22
2013-05-20,7.22
2013-05-21,7.22
2013-05-22,7.22
2013-05-23,7.22
2013-05-24,7.22
2013-05-27,7.22
2013-05-28,7.22
2013-05-29,7.22
2013-05-31,7.72
2013-06-03,7.72
2013-06-04,7.72
2013-06-05,7.72
2013-06-06,7.72
2013-06-07,7.72
2013-06-10,7.72
2013-06-11,7.72
2013-06-12,7.72
2013-06-13,7.72
2013-06-14,7.72
2013-06-17,7.72
2013-06-18,7.72
2013-06-19,7.72
2013-06-20,7.72
2013-06-21,7.72
2013-06-24,7.72
2013-06-25,7.72
2013-06-26,7.72
2013-06-27,7.72
2013-06-28,7.72
2013-07-01,7.72
2013-07-02,7.72
2013-07-03,7.72
2013-07-04,7.72
2013-07-05,7.72
2013-07-08,7.72
2013-07-09,7.72
2013-07-10,7.72
2013-07-11,8.22
2013-07-12,8.22
2013-07-15,8.22
2013-07-16,8.22
2013-07-17,8.22
2013-07-18,8.22
2013-07-19,8.22
2013-07-22,8.22
2013-07-23,8.22
2013-07-24,8.22
2013-07-25,8.22
2013-07-26,8.22
2013-07-29,8.22
2013-07-30,8.22
2013-07-31,8.22
2013-08-01,8.23
2013-08-02,8.23
2013-08-05,8.22
2013-08-06,8.22
2013-08-07,8.22
2013-08-08,8.22
2013-08-09,8.22
2013-08-12,8.22
2013-08-13,8.22
2013-08-14,8.22
2013-08-15,8.22
2013-08-16,8.22
2013-08-19,8.22
2013-08-20,8.22
2013-08-21,8.22
2013-08-22,8.22
2013-08-23,8.22
2013-08-26,8.22
2013-08-27,8.22
2013-08-28,8.22
2013-08-29,8.72
2013-08-30,8.72
2013-09-02,8.72
2013-09-03,8.72
2013-09-04,8.72
2013-09-05,8.72
2013-09-06,8.72
2013-09-09,8.72
2013-09-10,8.72
2013-09-11,8.72
2013-09-12,8.72
2013-09-13,8.72
2013-09-16,8.72
2013-09-17,8.72
2013-09-18,8.72
2013-09-19,8.71
2013-09-20,8.70
2013-09-23,8.70
2013-09-24,8.70
2013-09-25,8.81
2013-09-26,8.72
2013-09-27,8.71
2013-09-30,8.71
2013-10-01,8.71
2013-10-02,8.70
2013-10-03,8.70
2013-10-04,8.83
2013-10-07,8.81
2013-10-08,8.81
2013-10-09,8.85
2013-10-10,9.36
2013-10-11,9.32
2013-10-14,9.35
2013-10-15,9.35
2013-10-16,9.35
2013-10-17,9.35
2013-10-18,9.32
2013-10-21,9.35
2013-10-22,9.35
2013-10-23,9.32
2013-10-24,9.32
2013-10-25,9.32
2013-10-28,9.32
2013-10-29,9.32
2013-10-30,9.32
2013-10-31,9.32
2013-11-01,9.32
2013-11-04,9.28
2013-11-05,9.28
2013-11-06,9.28
2013-11-07,9.28
2013-11-08,9.28
2013-11-11,9.28
2013-11-12,9.28
2013-11-13,9.28
2013-11-14,9.28
2013-11-18,9.28
2013-11-19,9.28
2013-11-20,9.28
2013-11-21,9.28
2013-11-22,9.28
2013-11-25,9.28
2013-11-26,9.28
2013-11-27,9.28
2013-11-28,9.77
2013-11-29,9.77
2013-12-02,9.77
2013-12-03,9.77
2013-12-04,9.77
2013-12-05,9.77
2013-12-06,9.76
2013-12-09,9.85
2013-12-10,9.77
2013-12-11,9.77
2013-12-12,9.77
2013-12-13,9.77
2013-12-16,9.85
2013-12-17,9.77
2013-12-18,9.77
2013-12-19,9.77
2013-12-20,9.77
2013-12-23,9.77
2013-12-24,9.77
2013-12-26,9.77
2013-12-27,9.77
2013-12-30,9.77
2013-12-31,9.77
2014-01-02,9.77
2014-01-03,9.77
2014-01-06,9.77
2014-01-07,9.77
2014-01-08,9.77
2014-01-09,9.77
2014-01-10,9.77
2014-01-13,9.77
2014-01-14,9.77
2014-01-15,9.77
2014-01-16,10.27
2014-01-17,10.34
2014-01-20,10.35
2014-01-21,10.35
2014-01-22,10.27
2014-01-23,10.27
2014-01-24,10.27
2014-01-27,10.27
2014-01-28,10.27
2014-01-29,10.27
2014-01-30,10.27
2014-01-31,10.27
2014-02-03,10.27
2014-02-04,10.29
2014-02-05,10.29
2014-02-06,10.29
2014-02-07,10.29
2014-02-10,10.29
2014-02-11,10.29
2014-02-12,10.29
2014-02-13,10.29
2014-02-14,10.29
2014-02-17,10.29
2014-02-18,10.29
2014-02-19,10.29
2014-02-20,10.29
2014-02-21,10.29
2014-02-24,10.29
2014-02-25,10.29
2014-02-26,10.35
2014-02-27,10.59
2014-02-28,10.59
2014-03-05,10.55
2014-03-06,10.55
2014-03-07,10.55
2014-03-10,10.55
2014-03-11,10.55
2014-03-12,10.55
2014-03-13,10.55
2014-03-14,10.55
2014-03-17,10.55
2014-03-18,10.55
2014-03-19,10.59
2014-03-20,10.59
2014-03-21,10.59
2014-03-24,10.59
2014-03-25,10.59
2014-03-26,10.59
2014-03-27,10.55
2014-03-28,10.55
2014-03-31,10.55
2014-04-01,10.55
2014-04-02,10.55
2014-04-03,10.80
2014-04-04,10.80
2014-04-07,10.80
2014-04-08,10.80
2014-04-09,10.80
2014-04-10,10.80
2014-04-11,10.80
2014-04-14,10.80
2014-04-15,10.80
2014-04-16,10.80
2014-04-17,10.80
2014-04-22,10.80
2014-04-23,10.80
2014-04-24,10.80
2014-04-25,10.80
2014-04-28,10.80
2014-04-29,10.80
2014-04-30,10.80
2014-05-02,10.80
2014-05-05,10.80
2014-05-06,10.80
2014-05-07,10.80
2014-05-08,10.80
2014-05-09,10.80
2014-05-12,10.80
2014-05-13,10.80
2014-05-14,10.80
2014-05-15,10.80
2014-05-16,10.80
2014-05-19,10.80
2014-05-20,10.80
2014-05-21,10.80
2014-05-22,10.80
2014-05-23,10.80
2014-05-26,10.80
2014-05-27,10.80
2014-05-28,10.80
2014-05-29,10.80
2014-05-30,10.80
2014-06-02,10.80
2014-06-03,10.80
2014-06-04,10.80
2014-06-05,10.80
2014-06-06,10.80
2014-06-09,10.84
2014-06-10,10.80
2014-06-11,10.80
2014-06-12,10.80
2014-06-13,10.80
2014-06-16,10.80
2014-06-17,10.80
2014-06-18,10.80
2014-06-20,10.80
2014-06-23,10.80
2014-06-24,10.80
2014-06-25,10.80
2014-06-26,10.80
2014-06-27,10.80
2014-06-30,10.80
2014-07-01,10.80
2014-07-02,10.80
2014-07-03,10.80
2014-07-04,10.80
2014-07-07,10.80
2014-07-08,10.80
2014-07-09,10.80
2014-07-10,10.80
2014-07-11,10.80
2014-07-14,10.80
2014-07-15,10.80
2014-07-16,10.80
2014-07-17,10.80
2014-07-18,10.80
2014-07-21,10.80
2014-07-22,10.80
2014-07-23,10.80
2014-07-24,10.80
2014-07-25,10.80
2014-07-28,10.80
2014-07-29,10.80
2014-07-30,10.80
2014-07-31,10.80
2014-08-01,10.80
2014-08-04,10.81
2014-08-05,10.81
2014-08-06,10.81
2014-08-07,10.81
2014-08-08,10.81
2014-08-11,10.81
2014-08-12,10.81
2014-08-13,10.81
2014-08-14,10.81
2014-08-15,10.82
2014-08-18,10.81
2014-08-19,10.81
2014-08-20,10.84
2014-08-21,10.82
2014-08-22,10.81
2014-08-25,10.84
2014-08-26,10.84
2014-08-27,10.81
2014-08-28,10.84
2014-08-29,10.81
2014-09-01,10.81
2014-09-02,10.81
2014-09-03,10.81
2014-09-04,10.81
2014-09-05,10.81
2014-09-08,10.81
2014-09-09,10.81
2014-09-10,10.84
2014-09-11,10.81
2014-09-12,10.81
2014-09-15,10.81
2014-09-16,10.81
2014-09-17,10.81
2014-09-18,10.81
2014-09-19,10.81
2014-09-22,10.81
2014-09-23,10.84
2014-09-24,10.84
2014-09-25,10.84
2014-09-26,10.81
2014-09-29,10.81
2014-09-30,10.81
2014-10-01,10.81
2014-10-02,10.81
2014-10-03,10.81
2014-10-06,10.81
2014-10-07,10.84
2014-10-08,10.84
2014-10-09,10.84
2014-10-10,10.84
2014-10-13,10.81
2014-10-14,10.84
2014-10-15,10.81
2014-10-16,10.84
2014-10-17,10.84
2014-10-20,10.84
2014-10-21,10.84
2014-10-22,10.84
2014-10-23,10.84
2014-10-24,10.84
2014-10-27,10.84
2014-10-28,10.84
2014-10-29,10.84
2014-10-30,11.09
2014-10-31,11.06
2014-11-03,11.06
2014-11-04,11.06
2014-11-05,11.09
2014-11-06,11.09
2014-11-07,11.09
2014-11-10,11.09
2014-11-11,11.09
2014-11-12,11.09
2014-11-13,11.09
2014-11-14,11.09
2014-11-17,11.09
2014-11-18,11.09
2014-11-19,11.09
2014-11-20,11.09
2014-11-21,11.09
2014-11-24,11.09
2014-11-25,11.09
2014-11-26,11.09
2014-11-27,11.09
2014-11-28,11.06
2014-12-01,11.06
2014-12-02,11.06
2014-12-03,11.09
2014-12-04,11.59
2014-12-05,11.59
2014-12-08,11.59
2014-12-09,11.57
2014-12-10,11.57
2014-12-11,11.59
2014-12-12,11.59
2014-12-15,11.59
2014-12-16,11.59
2014-12-17,11.59
2014-12-18,11.59
2014-12-19,11.59
2014-12-22,11.59
2014-12-23,11.57
2014-12-24,11.57
2014-12-26,11.57
2014-12-29,11.59
2014-12-30,11.57
2014-12-31,11.57
2015-01-02,11.57
2015-01-05,11.57
2015-01-06,11.57
2015-01-07,11.57
2015-01-08,11.57
2015-01-09,11.57
2015-01-12,11.57
2015-01-13,11.57
2015-01-14,11.57
2015-01-15,11.57
2015-01-16,11.57
2015-01-19,11.57
2015-01-20,11.57
2015-01-21,11.57
2015-01-22,12.09
2015-01-23,12.08
2015-01-26,12.08
2015-01-27,12.08
2015-01-28,12.08
2015-01-29,12.08
2015-01-30,12.08
2015-02-02,12.08
2015-02-03,12.09
2015-02-04,12.09
2015-02-05,12.09
2015-02-06,12.09
2015-02-09,12.09
2015-02-10,12.09
2015-02-11,12.09
2015-02-12,12.09
2015-02-13,12.09
2015-02-18,12.09
2015-02-19,12.09
2015-02-20,12.09
2015-02-23,12.09
2015-02-24,12.09
2015-02-25,12.09
2015-02-26,12.09
2015-02-27,12.09
2015-03-02,12.09
2015-03-03,12.09
2015-03-04,12.09
2015-03-05,12.60
2015-03-06,12.60
2015-03-09,12.60
2015-03-10,12.60
2015-03-11,12.60
2015-03-12,12.60
2015-03-13,12.60
2015-03-16,12.60
2015-03-17,12.60
2015-03-18,12.60
2015-03-19,12.60
2015-03-20,12.60
2015-03-23,12.61
2015-03-24,12.61
2015-03-25,12.61
2015-03-26,12.61
2015-03-27,12.61
2015-03-30,12.60
2015-03-31,12.60
2015-04-01,12.60
2015-04-02,12.60
2015-04-06,12.60
2015-04-07,12.60
2015-04-08,12.60
2015-04-09,12.60
2015-04-10,12.60
2015-04-13,12.60
2015-04-14,12.60
2015-04-15,12.60
2015-04-16,12.60
2015-04-17,12.60
2015-04-20,12.60
2015-04-22,12.60
2015-04-23,12.60
2015-04-24,12.60
2015-04-27,12.61
2015-04-28,12.62
2015-04-29,12.62
2015-04-30,13.11
2015-05-04,13.11
2015-05-05,13.13
2015-05-06,13.13
2015-05-07,13.13
2015-05-08,13.13
2015-05-11,13.13
2015-05-12,13.13
2015-05-13,13.13
2015-05-14,13.13
2015-05-15,13.13
2015-05-18,13.13
2015-05-19,13.13
2015-05-20,13.13
2015-05-21,13.13
2015-05-22,13.13
2015-05-25,13.13
2015-05-26,13.13
2015-05-27,13.13
2015-05-28,13.13
2015-05-29,13.13
2015-06-01,13.13
2015-06-02,13.13
2015-06-03,13.13
2015-06-05,13.64
2015-06-08,13.64
2015-06-09,13.64
2015-06-10,13.64
2015-06-11,13.64
2015-06-12,13.64
2015-06-15,13.64
2015-06-16,13.64
2015-06-17,13.64
2015-06-18,13.64
2015-06-19,13.64
2015-06-22,13.64
2015-06-23,13.64
2015-06-24,13.64
2015-06-25,13.64
2015-06-26,13.64
2015-06-29,13.64
2015-06-30,13.64
2015-07-01,13.64
2015-07-02,13.64
2015-07-03,13.64
2015-07-06,13.64
2015-07-07,13.64
2015-07-08,13.64
2015-07-09,13.64
2015-07-10,13.64
2015-07-13,13.64
2015-07-14,13.64
2015-07-15,13.64
2015-07-16,13.64
2015-07-17,13.64
2015-07-20,13.64
2015-07-21,13.64
2015-07-22,13.64
2015-07-23,13.64
2015-07-24,13.64
2015-07-27,13.64
2015-07-28,13.64
2015-07-29,13.64
2015-07-30,14.13
2015-07-31,14.13
2015-08-03,14.13
2015-08-04,14.13
2015-08-05,14.13
2015-08-06,14.13
2015-08-07,14.13
2015-08-10,14.13
2015-08-11,14.13
2015-08-12,14.13
2015-08-13,14.13
2015-08-14,14.13
2015-08-17,14.13
2015-08-18,14.13
2015-08-19,14.13
2015-08-20,14.13
2015-08-21,14.13
2015-08-24,14.13
2015-08-25,14.13
2015-08-26,14.13
2015-08-27,14.13
2015-08-28,14.13
2015-08-31,14.13
2015-09-01,14.13
2015-09-02,14.13
2015-09-03,14.13
2015-09-04,14.13
2015-09-08,14.13
2015-09-09,14.13
2015-09-10,14.13
2015-09-11,14.13
2015-09-14,14.13
2015-09-15,14.13
2015-09-16,14.13
2015-09-17,14.13
2015-09-18,14.13
2015-09-21,14.13
2015-09-22,14.13
2015-09-23,14.13
2015-09-24,14.13
2015-09-25,14.13
2015-09-28,14.13
2015-09-29,14.13
2015-09-30,14.13
2015-10-01,14.13
2015-10-02,14.13
2015-10-05,14.13
2015-10-06,14.13
2015-10-07,14.13
2015-10-08,14.13
2015-10-09,14.13
2015-10-13,14.13
2015-10-14,14.13
2015-10-15,14.13
2015-10-16,14.13
2015-10-19,14.13
2015-10-20,14.13
2015-10-21,14.13
2015-10-22,14.14
2015-10-23,14.14
2015-10-26,14.14
2015-10-27,14.14
2015-10-28,14.14
2015-10-29,14.14
2015-10-30,14.14
2015-11-03,14.14
2015-11-04,14.14
2015-11-05,14.14
2015-11-06,14.14
2015-11-09,14.14
2015-11-10,14.14
2015-11-11,14.14
2015-11-12,14.14
2015-11-13,14.14
2015-11-16,14.14
2015-11-17,14.14
2015-11-18,14.14
2015-11-19,14.14
2015-11-20,14.14
2015-11-23,14.14
2015-11-24,14.14
2015-11-25,14.14
2015-11-26,14.14
2015-11-27,14.14
2015-11-30,14.14
2015-12-01,14.14
2015-12-02,14.14
2015-12-03,14.14
2015-12-04,14.14
2015-12-07,14.14
2015-12-08,14.14
2015-12-09,14.14
2015-12-10,14.14
2015-12-11,14.14
2015-12-14,14.14
2015-12-15,14.14
2015-12-16,14.14
2015-12-17,14.14
2015-12-18,14.14
2015-12-21,14.14
2015-12-22,14.14
2015-12-23,14.14
2015-12-24,14.14
2015-12-28,14.14
2015-12-29,14.14
2015-12-30,14.14
2015-12-31,14.14
2016-01-04,14.14
2016-01-05,14.14
2016-01-06,14.14
2016-01-07,14.14
2016-01-08,14.14
2016-01-11,14.14
2016-01-12,14.14
2016-01-13,14.14
2016-01-14,14.14
2016-01-15,14.14
2016-01-18,14.14
2016-01-19,14.14
2016-01-20,14.14
2016-01-21,14.13
2016-01-22,14.13
2016-01-25,14.13
2016-01-26,14.13
2016-01-27,14.13
2016-01-28,14.13
2016-01-29,14.13
2016-02-01,14.13
2016-02-02,14.13
2016-02-03,14.13
2016-02-04,14.13
2016-02-05,14.13
2016-02-10,14.13
2016-02-11,14.13
2016-02-12,14.13
2016-02-15,14.13
2016-02-16,14.13
2016-02-17,14.13
2016-02-18,14.13
2016-02-19,14.13
2016-02-22,14.13
2016-02-23,14.13
2016-02-24,14.13
2016-02-25,14.13
2016-02-26,14.13
2016-02-29,14.13
2016-03-01,14.13
2016-03-02,14.13
2016-03-03,14.13
2016-03-04,14.13
2016-03-07,14.13
2016-03-08,14.13
2016-03-09,14.13
2016-03-10,14.13
2016-03-11,14.13
2016-03-14,14.13
2016-03-15,14.13
2016-03-16,14.13
2016-03-17,14.13
2016-03-18,14.13
2016-03-21,14.13
2016-03-22,14.13
2016-03-23,14.13
2016-03-24,14.13
2016-03-28,14.13
2016-03-29,14.13
2016-03-30,14.13
2016-03-31,14.13
2016-04-01,14.13
2016-04-04,14.13
2016-04-05,14.13
2016-04-06,14.13
2016-04-07,14.13
2016-04-08,14.13
2016-04-11,14.13
2016-04-12,14.13
2016-04-13,14.13
2016-04-14,14.13
2016-04-15,14.13
2016-04-18,14.13
2016-04-19,14.13
2016-04-20,14.13
2016-04-22,14.13
2016-04-25,14.13
2016-04-26,14.13
2016-04-27,14.13
2016-04-28,14.13
2016-04-29,14.13
2016-05-02,14.13
2016-05-03,14.13
2016-05-04,14.13
2016-05-05,14.13
2016-05-06,14.13
2016-05-09,14.13
2016-05-10,14.13
2016-05-11,14.13
2016-05-12,14.13
2016-05-13,14.13
2016-05-16,14.13
2016-05-17,14.13
2016-05-18,14.13
2016-05-19,14.13
2016-05-20,14.13
2016-05-23,14.13
2016-05-24,14.13
2016-05-25,14.13
2016-05-27,14.13
2016-05-30,14.13
2016-05-31,14.13
2016-06-01,14.13
2016-06-02,14.13
2016-06-03,14.13
2016-06-06,14.13
2016-06-07,14.13
2016-06-08,14.13
2016-06-09,14.13
2016-06-10,14.13
2016-06-13,14.13
2016-06-14,14.13
2016-06-15,14.13
2016-06-16,14.13
2016-06-17,14.13
2016-06-20,14.13
2016-06-21,14.13
2016-06-22,14.13
2016-06-23,14.13
2016-06-24,14.13
2016-06-27,14.13
2016-06-28,14.13
2016-06-29,14.13
2016-06-30,14.13
2016-07-01,14.13
2016-07-04,14.13
2016-07-05,14.13
2016-07-06,14.13
2016-07-07,14.13
2016-07-08,14.13
2016-07-11,14.13
2016-07-12,14.13
2016-07-13,14.13
2016-07-14,14.13
2016-07-15,14.13
2016-07-18,14.13
2016-07-19,14.13
2016-07-20,14.13
2016-07-21,14.13
2016-07-22,14.13
2016-07-25,14.13
2016-07-26,14.13
2016-07-27,14.13
2016-07-28,14.13
2016-07-29,14.13
2016-08-01,14.13
2016-08-02,14.13
2016-08-03,14.13
2016-08-04,14.13
2016-08-05,14.13
2016-08-08,14.13
2016-08-09,14.13
2016-08-10,14.13
2016-08-11,14.13
2016-08-12,14.13
2016-08-15,14.13
2016-08-16,14.13
2016-08-17,14.13
2016-08-18,14.13
2016-08-19,14.13
2016-08-22,14.13
2016-08-23,14.13
2016-08-24,14.13
2016-08-25,14.13
2016-08-26,14.13
2016-08-29,14.13
2016-08-30,14.13
2016-08-31,14.13
2016-09-01,14.13
2016-09-02,14.13
2016-09-05,14.13
2016-09-06,14.13
2016-09-08,14.13
2016-09-09,14.13
2016-09-12,14.13
2016-09-13,14.13
2016-09-14,14.13
2016-09-15,14.13
2016-09-16,14.13
2016-09-19,14.13
2016-09-20,14.13
2016-09-21,14.13
2016-09-22,14.13
2016-09-23,14.13
2016-09-26,14.13
2016-09-27,14.13
2016-09-28,14.13
2016-09-29,14.13
2016-09-30,14.13
2016-10-03,14.13
2016-10-04,14.13
2016-10-05,14.13
2016-10-06,14.13
2016-10-07,14.13
2016-10-10,14.13
2016-10-11,14.13
2016-10-13,14.13
2016-10-14,14.13
2016-10-17,14.13
2016-10-18,14.13
2016-10-19,14.13
2016-10-20,13.88
2016-10-21,13.88
2016-10-24,13.88
2016-10-25,13.88
2016-10-26,13.88
2016-10-27,13.88
2016-10-28,13.88
2016-10-31,13.88
2016-11-01,13.88
2016-11-03,13.88
2016-11-04,13.88
2016-11-07,13.88
2016-11-08,13.88
2016-11-09,13.88
2016-11-10,13.88
2016-11-11,13.88
2016-11-14,13.88
2016-11-16,13.88
2016-11-17,13.88
2016-11-18,13.88
2016-11-21,13.88
2016-11-22,13.88
2016-11-23,13.88
2016-11-24,13.88
2016-11-25,13.88
2016-11-28,13.88
2016-11-29,13.88
2016-11-30,13.88
2016-12-01,13.63
2016-12-02,13.63
2016-12-05,13.63
2016-12-06,13.63
2016-12-07,13.63
2016-12-08,13.63
2016-12-09,13.63
2016-12-12,13.63
2016-12-13,13.63
2016-12-14,13.63
2016-12-15,13.63
2016-12-16,13.63
2016-12-19,13.63
2016-12-20,13.63
2016-12-21,13.63
2016-12-22,13.63
2016-12-23,13.63
2016-12-26,13.63
2016-12-27,13.63
2016-12-28,13.63
2016-12-29,13.63
2016-12-30,13.63
2017-01-02,13.63
2017-01-03,13.63
2017-01-04,13.63
2017-01-05,13.63
2017-01-06,13.63
2017-01-09,13.63
2017-01-10,13.63
2017-01-11,13.63
2017-01-12,12.88
2017-01-13,12.88
2017-01-16,12.88
2017-01-17,12.88
2017-01-18,12.88
2017-01-19,12.88
2017-01-20,12.88
2017-01-23,12.88
2017-01-24,12.88
2017-01-25,12.88
2017-01-26,12.88
2017-01-27,12.88
2017-01-30,12.88
2017-01-31,12.88
2017-02-01,12.88
2017-02-02,12.88
2017-02-03,12.88
2017-02-06,12.88
2017-02-07,12.88
2017-02-08,12.88
2017-02-09,12.88
2017-02-10,12.88
2017-02-13,12.88
2017-02-14,12.88
2017-02-15,12.88
2017-02-16,12.88
2017-02-17,12.88
2017-02-20,12.88
2017-02-21,12.88
2017-02-22,12.88
2017-02-23,12.13
2017-02-24,12.13
2017-03-01,12.13
2017-03-02,12.13
2017-03-03,12.13
2017-03-06,12.13
2017-03-07,12.13
2017-03-08,12.13
2017-03-09,12.13
2017-03-10,12.13
2017-03-13,12.13
2017-03-14,12.13
2017-03-15,12.13
2017-03-16,12.13
2017-03-17,12.13
2017-03-20,12.13
2017-03-21,12.13
2017-03-22,12.13
2017-03-23,12.13
2017-03-24,12.13
2017-03-27,12.13
2017-03-28,12.13
2017-03-29,12.13
2017-03-30,12.13
2017-03-31,12.13
2017-04-03,12.13
2017-04-04,12.13
2017-04-05,12.13
2017-04-06,12.13
2017-04-07,12.13
2017-04-10,12.13
2017-04-11,12.13
2017-04-12,12.13
2017-04-13,11.13
2017-04-17,11.13
2017-04-18,11.13
2017-04-19,11.13
2017-04-20,11.13
2017-04-24,11.13
2017-04-25,11.13
2017-04-26,11.13
2017-04-27,11.13
2017-04-28,11.13
2017-05-02,11.13
2017-05-03,11.13
2017-05-04,11.13
2017-05-05,11.13
2017-05-08,11.13
2017-05-09,11.13
2017-05-10,11.13
2017-05-11,11.13
2017-05-12,11.13
2017-05-15,11.13
2017-05-16,11.13
2017-05-17,11.13
2017-05-18,11.13
2017-05-19,11.13
2017-05-22,11.13
2017-05-23,11.13
2017-05-24,11.13
2017-05-25,11.13
2017-05-26,11.13
2017-05-29,11.13
2017-05-30,11.13
2017-05-31,11.13
2017-06-01,10.14
2017-06-02,10.14
2017-06-05,10.14
2017-06-06,10.14
2017-06-07,10.14
2017-06-08,10.14
2017-06-09,10.14
2017-06-12,10.14
2017-06-13,10.14
2017-06-14,10.14
2017-06-16,10.14
2017-06-19,10.14
2017-06-20,10.14
2017-06-21,10.14
2017-06-22,10.14
2017-06-23,10.14
2017-06-26,10.14
2017-06-27,10.14
2017-06-28,10.14
2017-06-29,10.14
2017-06-30,10.14
2017-07-03,10.14
2017-07-04,10.14
2017-07-05,10.14
2017-07-06,10.14
2017-07-07,10.14
2017-07-10,10.14
2017-07-11,10.14
2017-07-12,10.14
2017-07-13,10.14
2017-07-14,10.14
2017-07-17,10.14
2017-07-18,10.14
2017-07-19,10.14
2017-07-20,10.14
2017-07-21,10.14
2017-07-24,10.14
2017-07-25,10.14
2017-07-26,10.14
2017-07-27,9.14
2017-07-28,9.14
2017-07-31,9.14
2017-08-01,9.14
2017-08-02,9.14
2017-08-03,9.14
2017-08-04,9.14
2017-08-07,9.14
2017-08-08,9.14
2017-08-09,9.14
2017-08-10,9.14
2017-08-11,9.14
2017-08-14,9.14
2017-08-15,9.14
2017-08-16,9.14
2017-08-17,9.14
2017-08-18,9.14
2017-08-21,9.14
2017-08-22,9.14
2017-08-23,9.14
2017-08-24,9.14
2017-08-25,9.14
2017-08-28,9.14
2017-08-29,9.14
2017-08-30,9.14
2017-08-31,9.14
2017-09-01,9.14
2017-09-04,9.14
2017-09-05,9.14
2017-09-06,9.14
2017-09-08,8.14
2017-09-11,8.14
2017-09-12,8.14
2017-09-13,8.14
2017-09-14,8.14
2017-09-15,8.14
2017-09-18,8.14
2017-09-19,8.14
2017-09-20,8.14
2017-09-21,8.14
2017-09-22,8.14
2017-09-25,8.14
2017-09-26,8.14
2017-09-27,8.14
2017-09-28,8.14
2017-09-29,8.14
2017-10-02,8.14
2017-10-03,8.14
2017-10-04,8.14
2017-10-05,8.14
2017-10-06,8.14
2017-10-09,8.14
2017-10-10,8.14
2017-10-11,8.14
2017-10-13,8.14
2017-10-16,8.14
2017-10-17,8.14
2017-10-18,8.14
2017-10-19,8.14
2017-10-20,8.14
2017-10-23,8.14
2017-10-24,8.14
2017-10-25,8.14
2017-10-26,7.39
2017-10-27,7.39
2017-10-30,7.39
2017-10-31,7.39
2017-11-01,7.39
2017-11-03,7.39
2017-11-06,7.39
2017-11-07,7.39
2017-11-08,7.39
2017-11-09,7.39
2017-11-10,7.39
2017-11-13,7.39
2017-11-14,7.39
2017-11-16,7.39
2017-11-17,7.39
2017-11-20,7.39
2017-11-21,7.39
2017-11-22,7.39
2017-11-23,7.39
2017-11-24,7.39
2017-11-27,7.39
2017-11-28,7.39
2017-11-29,7.39
2017-11-30,7.39
2017-12-01,7.39
2017-12-04,7.39
2017-12-05,7.39
2017-12-06,7.39
2017-12-07,6.89
2017-12-08,6.89
2017-12-11,6.89
2017-12-12,6.89
2017-12-13,6.89
2017-12-14,6.89
2017-12-15,6.89
2017-12-18,6.89
2017-12-19,6.89
2017-12-20,6.89
2017-12-21,6.89
2017-12-22,6.89
2017-12-26,6.89
2017-12-27,6.89
2017-12-28,6.89
2017-12-29,6.89
2018-01-02,6.89
2018-01-03,6.89
2018-01-04,6.89
2018-01-05,6.89
2018-01-08,6.89
2018-01-09,6.89
2018-01-10,6.89
2018-01-11,6.89
2018-01-12,6.89
2018-01-15,6.89
2018-01-16,6.89
2018-01-17,6.89
2018-01-18,6.89
2018-01-19,6.89
2018-01-22,6.89
2018-01-23,6.89
2018-01-24,6.89
2018-01-25,6.89
2018-01-26,6.89
2018-01-29,6.89
2018-01-30,6.89
2018-01-31,6.89
2018-02-01,6.89
2018-02-02,6.89
2018-02-05,6.89
2018-02-06,6.89
2018-02-07,6.89
2018-02-08,6.64
2018-02-09,6.64
2018-02-14,6.64
2018-02-15,6.64
2018-02-16,6.64
2018-02-19,6.64
2018-02-20,6.64
2018-02-21,6.64
2018-02-22,6.64
2018-02-23,6.64
2018-02-26,6.64
2018-02-27,6.64
2018-02-28,6.64
2018-03-01,6.64
2018-03-02,6.64
2018-03-05,6.64
2018-03-06,6.64
2018-03-07,6.64
2018-03-08,6.64
2018-03-09,6.64
2018-03-12,6.64
2018-03-13,6.64
2018-03-14,6.64
2018-03-15,6.64
2018-03-16,6.64
2018-03-19,6.64
2018-03-20,6.64
2018-03-21,6.64
2018-03-22,6.39
2018-03-23,6.39
2018-03-26,6.39
2018-03-27,6.39
2018-03-28,6.39
2018-03-29,6.39
2018-04-02,6.39
2018-04-03,6.39
2018-04-04,6.39
2018-04-05,6.39
2018-04-06,6.39
2018-04-09,6.39
2018-04-10,6.39
2018-04-11,6.39
2018-04-12,6.39
2018-04-13,6.39
2018-04-16,6.39
2018-04-17,6.39
2018-04-18,6.39
2018-04-19,6.39
2018-04-20,6.39
2018-04-23,6.39
2018-04-24,6.39
2018-04-25,6.39
2018-04-26,6.39
2018-04-27,6.39
2018-04-30,6.39
2018-05-02,6.39
2018-05-03,6.39
2018-05-04,6.39
2018-05-07,6.39
2018-05-08,6.39
2018-05-09,6.39
2018-05-10,6.39
2018-05-11,6.39
2018-05-14,6.39
2018-05-15,6.39
2018-05-16,6.39
2018-05-17,6.39
2018-05-18,6.39
2018-05-21,6.39
2018-05-22,6.39
2018-05-23,6.39
2018-05-24,6.39
2018-05-25,6.39
2018-05-28,6.39
2018-05-29,6.39
2018-05-30,6.39
2018-06-01,6.39
2018-06-04,6.39
2018-06-05,6.39
2018-06-06,6.39
2018-06-07,6.39
2018-06-08,6.39
2018-06-11,6.39
2018-06-12,6.39
2018-06-13,6.39
2018-06-14,6.39
2018-06-15,6.39
2018-06-18,6.39
2018-06-19,6.39
2018-06-20,6.39
2018-06-21,6.39
2018-06-22,6.39
2018-06-25,6.39
2018-06-26,6.39
2018-06-27,6.39
2018-06-28,6.39
2018-06-29,6.39
2018-07-02,6.39
2018-07-03,6.39
2018-07-04,6.39
2018-07-05,6.39
2018-07-06,6.39
2018-07-09,6.39
2018-07-10,6.39
2018-07-11,6.39
2018-07-12,6.39
2018-07-13,6.39
2018-07-16,6.39
2018-07-17,6.39
2018-07-18,6.39
2018-07-19,6.39
2018-07-20,6.39
2018-07-23,6.39
2018-07-24,6.39
2018-07-25,6.39
2018-07-26,6.39
2018-07-27,6.39
2018-07-30,6.39
2018-07-31,6.39
2018-08-01,6.39
2018-08-02,6.39
2018-08-03,6.39
2018-08-06,6.39
2018-08-07,6.39
2018-08-08,6.39
2018-08-09,6.39
2018-08-10,6.39
2018-08-13,6.39
2018-08-14,6.39
2018-08-15,6.39
2018-08-16,6.39
2018-08-17,6.39
2018-08-20,6.39
2018-08-21,6.39
2018-08-22,6.39
2018-08-23,6.39
2018-08-24,6.39
2018-08-27,6.39
2018-08-28,6.39
2018-08-29,6.39
2018-08-30,6.39
2018-08-31,6.39
2018-09-03,6.39
2018-09-04,6.39
2018-09-05,6.39
2018-09-06,6.39
2018-09-10,6.39
2018-09-11,6.39
2018-09-12,6.39
2018-09-13,6.39
2018-09-14,6.39
2018-09-17,6.39
2018-09-18,6.39
2018-09-19,6.39
2018-09-20,6.39
2018-09-21,6.39
2018-09-24,6.39
2018-09-25,6.39
2018-09-26,6.39
2018-09-27,6.39
2018-09-28,6.39
2018-10-01,6.40
2018-10-02,6.40
2018-10-03,6.40
2018-10-04,6.40
2018-10-05,6.40
2018-10-08,6.40
2018-10-09,6.40
2018-10-10,6.40
2018-10-11,6.40
2018-10-15,6.40
2018-10-16,6.40
2018-10-17,6.40
2018-10-18,6.40
2018-10-19,6.40
2018-10-22,6.40
2018-10-23,6.40
2018-10-24,6.40
2018-10-25,6.40
2018-10-26,6.40
2018-10-29,6.40
2018-10-30,6.40
2018-10-31,6.40
2018-11-01,6.40
2018-11-05,6.40
2018-11-06,6.40
2018-11-07,6.40
2018-11-08,6.40
2018-11-09,6.40
2018-11-12,6.40
2018-11-13,6.40
2018-11-14,6.40
2018-11-16,6.40
2018-11-19,6.40
2018-11-20,6.40
2018-11-21,6.40
2018-11-22,6.40
2018-11-23,6.40
2018-11-26,6.40
2018-11-27,6.40
2018-11-28,6.40
2018-11-29,6.40
2018-11-30,6.40
2018-12-03,6.40
2018-12-04,6.40
2018-12-05,6.40
2018-12-06,6.40
2018-12-07,6.40
2018-12-10,6.40
2018-12-11,6.40
2018-12-12,6.40
2018-12-13,6.40
2018-12-14,6.40
2018-12-17,6.40
2018-12-18,6.40
2018-12-19,6.40
2018-12-20,6.40
2018-12-21,6.40
2018-12-24,6.40
2018-12-26,6.40
2018-12-27,6.40
2018-12-28,6.40
2018-12-31,6.40
2019-01-02,6.40
2019-01-03,6.40
2019-01-04,6.40
2019-01-07,6.40
2019-01-08,6.40
2019-01-09,6.40
2019-01-10,6.40
2019-01-11,6.40
2019-01-14,6.40
2019-01-15,6.40
2019-01-16,6.40
2019-01-17,6.40
2019-01-18,6.40
2019-01-21,6.40
2019-01-22,6.40
2019-01-23,6.40
2019-01-24,6.40
2019-01-25,6.40
2019-01-28,6.40
2019-01-29,6.40
2019-01-30,6.40
2019-01-31,6.40
2019-02-01,6.40
2019-02-04,6.40
2019-02-05,6.40
2019-02-06,6.40
2019-02-07,6.40
2019-02-08,6.40
2019-02-11,6.40
2019-02-12,6.40
2019-02-13,6.40
2019-02-14,6.40
2019-02-15,6.40
2019-02-18,6.40
2019-02-19,6.40
2019-02-20,6.40
2019-02-21,6.40
2019-02-22,6.40
2019-02-25,6.40
2019-02-26,6.40
2019-02-27,6.40
2019-02-28,6.40
2019-03-01,6.40
2019-03-06,6.40
2019-03-07,6.40
2019-03-08,6.40
2019-03-11,6.40
2019-03-12,6.40
2019-03-13,6.40
2019-03-14,6.40
2019-03-15,6.40
2019-03-18,6.40
2019-03-19,6.40
2019-03-20,6.40
2019-03-21,6.40
2019-03-22,6.40
2019-03-25,6.40
2019-03-26,6.40
2019-03-27,6.40
2019-03-28,6.40
2019-03-29,6.40
2019-04-01,6.40
2019-04-02,6.40
2019-04-03,6.40
2019-04-04,6.40
2019-04-05,6.40
2019-04-08,6.40
2019-04-09,6.40
2019-04-10,6.40
2019-04-11,6.40
2019-04-12,6.40
2019-04-15,6.40
2019-04-16,6.40
2019-04-17,6.40
2019-04-18,6.40
2019-04-22,6.40
2019-04-23,6.40
2019-04-24,6.40
2019-04-25,6.40
2019-04-26,6.40
2019-04-29,6.40
2019-04-30,6.40
2019-05-02,6.40
2019-05-03,6.40
2019-05-06,6.40
2019-05-07,6.40
2019-05-08,6.40
2019-05-09,6.40
2019-05-10,6.40
2019-05-13,6.40
2019-05-14,6.40
2019-05-15,6.40
2019-05-16,6.40
2019-05-17,6.40
2019-05-20,6.40
2019-05-21,6.40
2019-05-22,6.40
2019-05-23,6.40
2019-05-24,6.40
2019-05-27,6.40
2019-05-28,6.40
2019-05-29,6.40
2019-05-30,6.40
2019-05-31,6.40
2019-06-03,6.40
2019-06-04,6.40
2019-06-05,6.40
2019-06-06,6.40
2019-06-07,6.40
2019-06-10,6.40
2019-06-11,6.40
2019-06-12,6.40
2019-06-13,6.40
2019-06-14,6.40
2019-06-17,6.40
2019-06-18,6.40
2019-06-19,6.40
2019-06-21,6.40
2019-06-24,6.40
2019-06-25,6.40
2019-06-26,6.40
2019-06-27,6.40
2019-06-28,6.40
2019-07-01,6.40
2019-07-02,6.40
2019-07-03,6.40
2019-07-04,6.40
2019-07-05,6.40
2019-07-08,6.40
2019-07-09,6.40
2019-07-10,6.40
2019-07-11,6.40
2019-07-12,6.40
2019-07-15,6.40
2019-07-16,6.40
2019-07-17,6.40
2019-07-18,6.40
2019-07-19,6.40
2019-07-22,6.40
2019-07-23,6.40
2019-07-24,6.40
2019-07-25,6.40
2019-07-26,6.40
2019-07-29,6.40
2019-07-30,6.40
2019-07-31,6.40
2019-08-01,5.90
2019-08-02,5.90
2019-08-05,5.90
2019-08-06,5.90
2019-08-07,5.90
2019-08-08,5.90
2019-08-09,5.90
2019-08-12,5.90
2019-08-13,5.90
2019-08-14,5.90
2019-08-15,5.90
2019-08-16,5.90
2019-08-19,5.90
2019-08-20,5.90
2019-08-21,5.90
2019-08-22,5.90
2019-08-23,5.90
2019-08-26,5.90
2019-08-27,5.90
2019-08-28,5.90
2019-08-29,5.90
2019-08-30,5.90
2019-09-02,5.90
2019-09-03,5.90
2019-09-04,5.90
2019-09-05,5.90
2019-09-06,5.90
2019-09-09,5.90
2019-09-10,5.90
2019-09-11,5.90
2019-09-12,5.90
2019-09-13,5.90
2019-09-16,5.90
2019-09-17,5.90
2019-09-18,5.90
2019-09-19,5.40
2019-09-20,5.40
2019-09-23,5.40
2019-09-24,5.40
2019-09-25,5.40
2019-09-26,5.40
2019-09-27,5.40
2019-09-30,5.40
2019-10-01,5.40
2019-10-02,5.40
2019-10-03,5.40
2019-10-04,5.40
2019-10-07,5.40
2019-10-08,5.40
2019-10-09,5.40
2019-10-10,5.40
2019-10-11,5.40
2019-10-14,5.40
2019-10-15,5.40
2019-10-16,5.40
2019-10-17,5.40
2019-10-18,5.40
2019-10-21,5.40
2019-10-22,5.40
2019-10-23,5.40
2019-10-24,5.40
2019-10-25,5.40
2019-10-28,5.40
2019-10-29,5.40
2019-10-30,5.40
2019-10-31,4.90
2019-11-01,4.90
2019-11-04,4.90
2019-11-05,4.90
2019-11-06,4.90
2019-11-07,4.90
2019-11-08,4.90
2019-11-11,4.90
2019-11-12,4.90
2019-11-13,4.90
2019-11-14,4.90
2019-11-18,4.90
2019-11-19,4.90
2019-11-20,4.90
2019-11-21,4.90
2019-11-22,4.90
2019-11-25,4.90
2019-11-26,4.90
2019-11-27,4.90
2019-11-28,4.90
2019-11-29,4.90
2019-12-02,4.90
2019-12-03,4.90
2019-12-04,4.90
2019-12-05,4.90
2019-12-06,4.90
2019-12-09,4.90
2019-12-10,4.90
2019-12-11,4.90
2019-12-12,4.40
2019-12-13,4.40
2019-12-16,4.40
2019-12-17,4.40
2019-12-18,4.40
2019-12-19,4.40
2019-12-20,4.40
2019-12-23,4.40
2019-12-24,4.40
2019-12-26,4.40
2019-12-27,4.40
2019-12-30,4.40
2019-12-31,4.40
2020-01-02,4.40
2020-01-03,4.40
2020-01-06,4.40
2020-01-07,4.40
2020-01-08,4.40
2020-01-09,4.40
2020-01-10,4.40
2020-01-13,4.40
2020-01-14,4.40
2020-01-15,4.40
2020-01-16,4.40
2020-01-17,4.40
2020-01-20,4.40
2020-01-21,4.40
2020-01-22,4.40
2020-01-23,4.40
2020-01-24,4.40
2020-01-27,4.40
2020-01-28,4.40
2020-01-29,4.40
2020-01-30,4.40
2020-01-31,4.40
2020-02-03,4.40
2020-02-04,4.40
2020-02-05,4.40
2020-02-06,4.15
2020-02-07,4.15
2020-02-10,4.15
2020-02-11,4.15
2020-02-12,4.15
2020-02-13,4.15
2020-02-14,4.15
2020-02-17,4.15
2020-02-18,4.15
2020-02-19,4.15
2020-02-20,4.15
2020-02-21,4.15
2020-02-26,4.15
2020-02-27,4.15
2020-02-28,4.15
2020-03-02,4.15
2020-03-03,4.15
2020-03-04,4.15
2020-03-05,4.15
2020-03-06,4.15
2020-03-09,4.15
2020-03-10,4.15
2020-03-11,4.15
2020-03-12,4.15
2020-03-13,4.15
2020-03-16,4.15
2020-03-17,4.15
2020-03-18,4.15
2020-03-19,3.65
2020-03-20,3.65
2020-03-23,3.65
2020-03-24,3.65
2020-03-25,3.65
2020-03-26,3.65
2020-03-27,3.65
2020-03-30,3.65
2020-03-31,3.65
2020-04-01,3.65
2020-04-02,3.65
2020-04-03,3.65
2020-04-06,3.65
2020-04-07,3.65
2020-04-08,3.65
2020-04-09,3.65
2020-04-13,3.65
2020-04-14,3.65
2020-04-15,3.65
2020-04-16,3.65
2020-04-17,3.65
2020-04-20,3.65
2020-04-22,3.65
2020-04-23,3.65
2020-04-24,3.65
2020-04-27,3.65
2020-04-28,3.65
2020-04-29,3.65
2020-04-30,3.65
2020-05-04,3.65
2020-05-05,3.65
2020-05-06,3.65
2020-05-07,2.90
2020-05-08,2.90
2020-05-11,2.90
2020-05-12,2.90
2020-05-13,2.90
2020-05-14,2.90
2020-05-15,2.90
2020-05-18,2.90
2020-05-19,2.90
2020-05-20,2.90
2020-05-21,2.90
2020-05-22,2.90
2020-05-25,2.90
2020-05-26,2.90
2020-05-27,2.90
2020-05-28,2.90
2020-05-29,2.90
2020-06-01,2.90
2020-06-02,2.90
2020-06-03,2.90
2020-06-04,2.90
2020-06-05,2.90
2020-06-08,2.90
2020-06-09,2.90
2020-06-10,2.90
2020-06-12,2.90
2020-06-15,2.90
2020-06-16,2.90
2020-06-17,2.90
2020-06-18,2.15
2020-06-19,2.15
2020-06-22,2.15
2020-06-23,2.15
2020-06-24,2.15
2020-06-25,2.15
2020-06-26,2.15
2020-06-29,2.15
2020-06-30,2.15
2020-07-01,2.15
2020-07-02,2.15
2020-07-03,2.15
2020-07-06,2.15
2020-07-07,2.15
2020-07-08,2.15
2020-07-09,2.15
2020-07-10,2.15
2020-07-13,2.15
2020-07-14,2.15
2020-07-15,2.15
2020-07-16,2.15
2020-07-17,2.15
2020-07-20,2.15
2020-07-21,2.15
2020-07-22,2.15
2020-07-23,2.15
2020-07-24,2.15
2020-07-27,2.15
2020-07-28,2.15
2020-07-29,2.15
2020-07-30,2.15
2020-07-31,2.15
2020-08-03,2.15
2020-08-04,2.15
2020-08-05,2.15
2020-08-06,1.90
2020-08-07,1.90
2020-08-10,1.90
2020-08-11,1.90
2020-08-12,1.90
2020-08-13,1.90
2020-08-14,1.90
2020-08-17,1.90
2020-08-18,1.90
2020-08-19,1.90
2020-08-20,1.90
2020-08-21,1.90
2020-08-24,1.90
2020-08-25,1.90
2020-08-26,1.90
2020-08-27,1.90
2020-08-28,1.90
2020-08-31,1.90
2020-09-01,1.90
2020-09-02,1.90
2020-09-03,1.90
2020-09-04,1.90
2020-09-08,1.90
2020-09-09,1.90
2020-09-10,1.90
2020-09-11,1.90
2020-09-14,1.90
2020-09-15,1.90
2020-09-16,1.90
2020-09-17,1.90
2020-09-18,1.90
2020-09-21,1.90
2020-09-22,1.90
2020-09-23,1.90
2020-09-24,1.90
2020-09-25,1.90
2020-09-28,1.90
2020-09-29,1.90
2020-09-30,1.90
2020-10-01,1.90
2020-10-02,1.90
2020-10-05,1.90
2020-10-06,1.90
2020-10-07,1.90
2020-10-08,1.90
2020-10-09,1.90
2020-10-13,1.90
2020-10-14,1.90
2020-10-15,1.90
2020-10-16,1.90
2020-10-19,1.90
2020-10-20,1.90
2020-10-21,1.90
2020-10-22,1.90
2020-10-23,1.90
2020-10-26,1.90
2020-10-27,1.90
2020-10-28,1.90
2020-10-29,1.90
2020-10-30,1.90
2020-11-03,1.90
2020-11-04,1.90
2020-11-05,1.90
2020-11-06,1.90
2020-11-09,1.90
2020-11-10,1.90
2020-11-11,1.90
2020-11-12,1.90
2020-11-13,1.90
2020-11-16,1.90
2020-11-17,1.90
2020-11-18,1.90
2020-11-19,1.90
2020-11-20,1.90
2020-11-23,1.90
2020-11-24,1.90
2020-11-25,1.90
2020-11-26,1.90
2020-11-27,1.90
2020-11-30,1.90
2020-12-01,1.90
2020-12-02,1.90
2020-12-03,1.90
2020-12-04,1.90
2020-12-07,1.90
2020-12-08,1.90
2020-12-09,1.90
2020-12-10,1.90
2020-12-11,1.90
2020-12-14,1.90
2020-12-15,1.90
2020-12-16,1.90
2020-12-17,1.90
2020-12-18,1.90
2020-12-21,1.90
2020-12-22,1.90
2020-12-23,1.90
2020-12-24,1.90
2020-12-28,1.90
2020-12-29,1.90
2020-12-30,1.90
2020-12-31,1.90
2021-01-04,1.90
2021-01-05,1.90
2021-01-06,1.90
2021-01-07,1.90
2021-01-08,1.90
2021-01-11,1.90
2021-01-12,1.90
2021-01-13,1.90
2021-01-14,1.90
2021-01-15,1.90
2021-01-18,1.90
2021-01-19,1.90
2021-01-20,1.90
2021-01-21,1.90
2021-01-22,1.90
2021-01-25,1.90
2021-01-26,1.90
2021-01-27,1.90
2021-01-28,1.90
2021-01-29,1.90
2021-02-01,1.90
2021-02-02,1.90
2021-02-03,1.90
2021-02-04,1.90
2021-02-05,1.90
2021-02-08,1.90
2021-02-09,1.90
2021-02-10,1.90
2021-02-11,1.90
2021-02-12,1.90
2021-02-17,1.90
2021-02-18,1.90
2021-02-19,1.90
2021-02-22,1.90
2021-02-23,1.90
2021-02-24,1.90
2021-02-25,1.90
2021-02-26,1.90
2021-03-01,1.90
2021-03-02,1.90
2021-03-03,1.90
2021-03-04,1.90
2021-03-05,1.90
2021-03-08,1.90
2021-03-09,1.90
2021-03-10,1.90
2021-03-11,1.90
2021-03-12,1.90
2021-03-15,1.90
2021-03-16,1.90
2021-03-17,1.90
2021-03-18,2.65
2021-03-19,2.65
2021-03-22,2.65
2021-03-23,2.65
2021-03-24,2.65
2021-03-25,2.65
2021-03-26,2.65
2021-03-29,2.65
2021-03-30,2.65
2021-03-31,2.65
2021-04-01,2.65
2021-04-05,2.65
2021-04-06,2.65
2021-04-07,2.65
2021-04-08,2.65
2021-04-09,2.65
2021-04-12,2.65
2021-04-13,2.65
2021-04-14,2.65
2021-04-15,2.65
2021-04-16,2.65
2021-04-19,2.65
2021-04-20,2.65
2021-04-22,2.65
2021-04-23,2.65
2021-04-26,2.65
2021-04-27,2.65
2021-04-28,2.65
2021-04-29,2.65
2021-04-30,2.65
2021-05-03,2.65
2021-05-04,2.65
2021-05-05,2.65
2021-05-06,3.40
2021-05-07,3.40
2021-05-10,3.40
2021-05-11,3.40
2021-05-12,3.40
2021-05-13,3.40
2021-05-14,3.40
2021-05-17,3.40
2021-05-18,3.40
2021-05-19,3.40
2021-05-20,3.40
2021-05-21,3.40
2021-05-24,3.40
2021-05-25,3.40
2021-05-26,3.40
2021-05-27,3.40
2021-05-28,3.40
2021-05-31,3.40
2021-06-01,3.40
2021-06-02,3.40
2021-06-04,3.40
2021-06-07,3.40
2021-06-08,3.40
2021-06-09,3.40
2021-06-10,3.40
2021-06-11,3.40
2021-06-14,3.40
2021-06-15,3.40
2021-06-16,3.40
2021-06-17,4.15
2021-06-18,4.15
2021-06-21,4.15
2021-06-22,4.15
2021-06-23,4.15
2021-06-24,4.15
2021-06-25,4.15
2021-06-28,4.15
2021-06-29,4.15
2021-06-30,4.15
2021-07-01,4.15
2021-07-02,4.15
2021-07-05,4.15
2021-07-06,4.15
2021-07-07,4.15
2021-07-08,4.15
2021-07-09,4.15
2021-07-12,4.15
2021-07-13,4.15
2021-07-14,4.15
2021-07-15,4.15
2021-07-16,4.15
2021-07-19,4.15
2021-07-20,4.15
2021-07-21,4.15
2021-07-22,4.15
2021-07-23,4.15
2021-07-26,4.15
2021-07-27,4.15
2021-07-28,4.15
2021-07-29,4.15
2021-07-30,4.15
2021-08-02,4.15
2021-08-03,4.15
2021-08-04,4.15
2021-08-05,5.15
2021-08-06,5.15
2021-08-09,5.15
2021-08-10,5.15
2021-08-11,5.15
2021-08-12,5.15
2021-08-13,5.15
2021-08-16,5.15
2021-08-17,5.15
2021-08-18,5.15
2021-08-19,5.15
2021-08-20,5.15
2021-08-23,5.15
2021-08-24,5.15
2021-08-25,5.15
2021-08-26,5.15
2021-08-27,5.15
2021-08-30,5.15
2021-08-31,5.15
2021-09-01,5.15
2021-09-02,5.15
2021-09-03,5.15
2021-09-06,5.15
2021-09-08,5.15
2021-09-09,5.15
2021-09-10,5.15
2021-09-13,5.15
2021-09-14,5.15
2021-09-15,5.15
2021-09-16,5.15
2021-09-17,5.15
2021-09-20,5.15
2021-09-21,5.15
2021-09-22,5.15
2021-09-23,6.15
2021-09-24,6.15
2021-09-27,6.15
2021-09-28,6.15
2021-09-29,6.15
2021-09-30,6.15
2021-10-01,6.15
2021-10-04,6.15
2021-10-05,6.15
2021-10-06,6.15
2021-10-07,6.15
2021-10-08,6.15
2021-10-11,6.15
2021-10-13,6.15
2021-10-14,6.15
2021-10-15,6.15
2021-10-18,6.15
2021-10-19,6.15
2021-10-20,6.15
2021-10-21,6.15
2021-10-22,6.15
2021-10-25,6.15
2021-10-26,6.15
2021-10-27,6.15
2021-10-28,7.65
2021-10-29,7.65
2021-11-01,7.65
2021-11-03,7.65
2021-11-04,7.65
2021-11-05,7.65
2021-11-08,7.65
2021-11-09,7.65
2021-11-10,7.65
2021-11-11,7.65
2021-11-12,7.65
2021-11-16,7.65
2021-11-17,7.65
2021-11-18,7.65
2021-11-19,7.65
2021-11-22,7.65
2021-11-23,7.65
2021-11-24,7.65
2021-11-25,7.65
2021-11-26,7.65
2021-11-29,7.65
2021-11-30,7.65
2021-12-01,7.65
2021-12-02,7.65
2021-12-03,7.65
2021-12-06,7.65
2021-12-07,7.65
2021-12-08,7.65
2021-12-09,9.15
2021-12-10,9.15
2021-12-13,9.15
2021-12-14,9.15
2021-12-15,9.15
2021-12-16,9.15
2021-12-17,9.15
2021-12-20,9.15
2021-12-21,9.15
2021-12-22,9.15
2021-12-23,9.15
2021-12-24,9.15
2021-12-27,9.15
2021-12-28,9.15
2021-12-29,9.15
2021-12-30,9.15
2021-12-31,9.15
2022-01-03,9.15
2022-01-04,9.15
2022-01-05,9.15
2022-01-06,9.15
2022-01-07,9.15
2022-01-10,9.15
2022-01-11,9.15
2022-01-12,9.15
2022-01-13,9.15
2022-01-14,9.15
2022-01-17,9.15
2022-01-18,9.15
2022-01-19,9.15
2022-01-20,9.15
2022-01-21,9.15
2022-01-24,9.15
2022-01-25,9.15
2022-01-26,9.15
2022-01-27,9.15
2022-01-28,9.15
2022-01-31,9.15
2022-02-01,9.15
2022-02-02,9.15
2022-02-03,10.65
2022-02-04,10.65
2022-02-07,10.65
2022-02-08,10.65
2022-02-09,10.65
2022-02-10,10.65
2022-02-11,10.65
2022-02-14,10.65
2022-02-15,10.65
2022-02-16,10.65
2022-02-17,10.65
2022-02-18,10.65
2022-02-21,10.65
2022-02-22,10.65
2022-02-23,10.65
2022-02-24,10.65
2022-02-25,10.65
2022-03-02,10.65
2022-03-03,10.65
2022-03-04,10.65
2022-03-07,10.65
2022-03-08,10.65
2022-03-09,10.65
2022-03-10,10.65
2022-03-11,10.65
2022-03-14,10.65
2022-03-15,10.65
2022-03-16,10.65
2022-03-17,11.65
2022-03-18,11.65
2022-03-21,11.65
2022-03-22,11.65
2022-03-23,11.65
2022-03-24,11.65
2022-03-25,11.65
2022-03-28,11.65
2022-03-29,11.65
2022-03-30,11.65
2022-03-31,11.65
2022-04-01,11.65
2022-04-04,11.65
2022-04-05,11.65
2022-04-06,11.65
2022-04-07,11.65
2022-04-08,11.65
2022-04-11,11.65
2022-04-12,11.65
2022-04-13,11.65
2022-04-14,11.65
2022-04-18,11.65
2022-04-19,11.65
2022-04-20,11.65
2022-04-22,11.65
2022-04-25,11.65
2022-04-26,11.65
2022-04-27,11.65
2022-04-28,11.65
2022-04-29,11.65
2022-05-02,11.65
2022-05-03,11.65
2022-05-04,11.65
2022-05-05,12.65
2022-05-06,12.65
2022-05-09,12.65
2022-05-10,12.65
2022-05-11,12.65
2022-05-12,12.65
2022-05-13,12.65
2022-05-16,12.65
2022-05-17,12.65
2022-05-18,12.65
2022-05-19,12.65
2022-05-20,12.65
2022-05-23,12.65
2022-05-24,12.65
2022-05-25,12.65
2022-05-26,12.65
2022-05-27,12.65
2022-05-30,12.65
2022-05-31,12.65
2022-06-01,12.65
2022-06-02,12.65
2022-06-03,12.65
2022-06-06,12.65
2022-06-07,12.65
2022-06-08,12.65
2022-06-09,12.65
2022-06-10,12.65
2022-06-13,12.65
2022-06-14,12.65
2022-06-15,12.65
2022-06-17,13.15
2022-06-20,13.15
2022-06-21,13.15
2022-06-22,13.15
2022-06-23,13.15
2022-06-24,13.15
2022-06-27,13.15
2022-06-28,13.15
2022-06-29,13.15
2022-06-30,13.15
2022-07-01,13.15
2022-07-04,13.15
2022-07-05,13.15
2022-07-06,13.15
2022-07-07,13.15
2022-07-08,13.15
2022-07-11,13.15
2022-07-12,13.15
2022-07-13,13.15
2022-07-14,13.15
2022-07-15,13.15
2022-07-18,13.15
2022-07-19,13.15
2022-07-20,13.15
2022-07-21,13.15
2022-07-22,13.15
2022-07-25,13.15
2022-07-26,13.15
2022-07-27,13.15
2022-07-28,13.15
2022-07-29,13.15
2022-08-01,13.15
2022-08-02,13.15
2022-08-03,13.15
2022-08-04,13.65
2022-08-05,13.65
2022-08-08,13.65
2022-08-09,13.65
2022-08-10,13.65
2022-08-11,13.65
2022-08-12,13.65
2022-08-15,13.65
2022-08-16,13.65
2022-08-17,13.65
2022-08-18,13.65
2022-08-19,13.65
2022-08-22,13.65
2022-08-23,13.65
2022-08-24,13.65
2022-08-25,13.65
2022-08-26,13.65
2022-08-29,13.65
2022-08-30,13.65
2022-08-31,13.65
2022-09-01,13.65
2022-09-02,13.65
2022-09-05,13.65
2022-09-06,13.65
2022-09-08,13.65
2022-09-09,13.65
2022-09-12,13.65
2022-09-13,13.65
2022-09-14,13.65
2022-09-15,13.65
2022-09-16,13.65
2022-09-19,13.65
2022-09-20,13.65
2022-09-21,13.65
2022-09-22,13.65
2022-09-23,13.65
2022-09-26,13.65
2022-09-27,13.65
2022-09-28,13.65
2022-09-29,13.65
2022-09-30,13.65
2022-10-03,13.65
2022-10-04,13.65
2022-10-05,13.65
2022-10-06,13.65
2022-10-07,13.65
2022-10-10,13.65
2022-10-11,13.65
2022-10-13,13.65
2022-10-14,13.65
2022-10-17,13.65
2022-10-18,13.65
2022-10-19,13.65
2022-10-20,13.65
2022-10-21,13.65
2022-10-24,13.65
2022-10-25,13.65
2022-10-26,13.65
2022-10-27,13.65
2022-10-28,13.65
2022-10-31,13.65
2022-11-01,13.65
2022-11-03,13.65
2022-11-04,13.65
2022-11-07,13.65
2022-11-08,13.65
2022-11-09,13.65
2022-11-10,13.65
2022-11-11,13.65
2022-11-14,13.65
2022-11-16,13.65
2022-11-17,13.65
2022-11-18,13.65
2022-11-21,13.65
2022-11-22,13.65
2022-11-23,13.65
2022-11-24,13.65
2022-11-25,13.65
2022-11-28,13.65
2022-11-29,13.65
2022-11-30,13.65
2022-12-01,13.65
2022-12-02,13.65
2022-12-05,13.65
2022-12-06,13.65
2022-12-07,13.65
2022-12-08,13.65
2022-12-09,13.65
2022-12-12,13.65
2022-12-13,13.65
2022-12-14,13.65
2022-12-15,13.65
2022-12-16,13.65
2022-12-19,13.65
2022-12-20,13.65
2022-12-21,13.65
2022-12-22,13.65
2022-12-23,13.65
2022-12-26,13.65
2022-12-27,13.65
2022-12-28,13.65
2022-12-29,13.65
2022-12-30,13.65
2023-01-02,13.65
2023-01-03,13.65
2023-01-04,13.65
2023-01-05,13.65
2023-01-06,13.65
2023-01-09,13.65
2023-01-10,13.65
2023-01-11,13.65
2023-01-12,13.65
2023-01-13,13.65
2023-01-16,13.65
2023-01-17,13.65
2023-01-18,13.65
2023-01-19,13.65
2023-01-20,13.65
2023-01-23,13.65
2023-01-24,13.65
2023-01-25,13.65
2023-01-26,13.65
2023-01-27,13.65
2023-01-30,13.65
2023-01-31,13.65
2023-02-01,13.65
2023-02-02,13.65
2023-02-03,13.65
2023-02-06,13.65
2023-02-07,13.65
2023-02-08,13.65
2023-02-09,13.65
2023-02-10,13.65
2023-02-13,13.65
2023-02-14,13.65
2023-02-15,13.65
2023-02-16,13.65
2023-02-17,13.65
2023-02-22,13.65
2023-02-23,13.65
2023-02-24,13.65
2023-02-27,13.65
2023-02-28,13.65
2023-03-01,13.65
2023-03-02,13.65
2023-03-03,13.65
2023-03-06,13.65
2023-03-07,13.65
2023-03-08,13.65
2023-03-09,13.65
2023-03-10,13.65
2023-03-13,13.65
2023-03-14,13.65
2023-03-15,13.65
2023-03-16,13.65
2023-03-17,13.65
2023-03-20,13.65
2023-03-21,13.65
2023-03-22,13.65
2023-03-23,13.65
2023-03-24,13.65
2023-03-27,13.65
2023-03-28,13.65
2023-03-29,13.65
2023-03-30,13.65
2023-03-31,13.65
2023-04-03,13.65
2023-04-04,13.65
2023-04-05,13.65
2023-04-06,13.65
2023-04-10,13.65
2023-04-11,13.65
2023-04-12,13.65
2023-04-13,13.65
2023-04-14,13.65
2023-04-17,13.65
2023-04-18,13.65
2023-04-19,13.65
2023-04-20,13.65
2023-04-24,13.65
2023-04-25,13.65
2023-04-26,13.65
2023-04-27,13.65
2023-04-28,13.65
2023-05-02,13.65
2023-05-03,13.65
2023-05-04,13.65
2023-05-05,13.65
2023-05-08,13.65
2023-05-09,13.65
2023-05-10,13.65
2023-05-11,13.65
2023-05-12,13.65
2023-05-15,13.65
2023-05-16,13.65
2023-05-17,13.65
2023-05-18,13.65
2023-05-19,13.65
2023-05-22,13.65
2023-05-23,13.65
2023-05-24,13.65
2023-05-25,13.65
2023-05-26,13.65
2023-05-29,13.65
2023-05-30,13.65
2023-05-31,13.65
2023-06-01,13.65
2023-06-02,13.65
2023-06-05,13.65
2023-06-06,13.65
2023-06-07,13.65
2023-06-09,13.65
2023-06-12,13.65
2023-06-13,13.65
2023-06-14,13.65
2023-06-15,13.65
2023-06-16,13.65
2023-06-19,13.65
2023-06-20,13.65
2023-06-21,13.65
2023-06-22,13.65
2023-06-23,13.65
2023-06-26,13.65
2023-06-27,13.65
2023-06-28,13.65
2023-06-29,13.65
2023-06-30,13.65
2023-07-03,13.65
2023-07-04,13.65
2023-07-05,13.65
2023-07-06,13.65
2023-07-07,13.65
2023-07-10,13.65
2023-07-11,13.65
2023-07-12,13.65
2023-07-13,13.65
2023-07-14,13.65
2023-07-17,13.65
2023-07-18,13.65
2023-07-19,13.65
2023-07-20,13.65
2023-07-21,13.65
2023-07-24,13.65
2023-07-25,13.65
2023-07-26,13.65
2023-07-27,13.65
2023-07-28,13.65
2023-07-31,13.65
2023-08-01,13.65
2023-08-02,13.65
2023-08-03,13.15
2023-08-04,13.15
2023-08-07,13.15
2023-08-08,13.15
2023-08-09,13.15
2023-08-10,13.15
2023-08-11,13.15
2023-08-14,13.15
2023-08-15,13.15
2023-08-16,13.15
2023-08-17,13.15
2023-08-18,13.15
2023-08-21,13.15
2023-08-22,13.15
2023-08-23,13.15
2023-08-24,13.15
2023-08-25,13.15
2023-08-28,13.15
2023-08-29,13.15
2023-08-30,13.15
2023-08-31,13.15
2023-09-01,13.15
2023-09-04,13.15
2023-09-05,13.15
2023-09-06,13.15
2023-09-08,13.15
2023-09-11,13.15
2023-09-12,13.15
2023-09-13,13.15
2023-09-14,13.15
2023-09-15,13.15
2023-09-18,13.15
2023-09-19,13.15
2023-09-20,13.15
2023-09-21,12.65
2023-09-22,12.65
2023-09-25,12.65
2023-09-26,12.65
2023-09-27,12.65
2023-09-28,12.65
2023-09-29,12.65
2023-10-02,12.65
2023-10-03,12.65
2023-10-04,12.65
2023-10-05,12.65
2023-10-06,12.65
2023-10-09,12.65
2023-10-10,12.65
2023-10-11,12.65
2023-10-13,12.65
2023-10-16,12.65
2023-10-17,12.65
2023-10-18,12.65
2023-10-19,12.65
2023-10-20,12.65
2023-10-23,12.65
2023-10-24,12.65
2023-10-25,12.65
2023-10-26,12.65
2023-10-27,12.65
2023-10-30,12.65
2023-10-31,12.65
2023-11-01,12.65
2023-11-03,12.15
2023-11-06,12.15
2023-11-07,12.15
2023-11-08,12.15
2023-11-09,12.15
2023-11-10,12.15
2023-11-13,12.15
2023-11-14,12.15
2023-11-16,12.15
2023-11-17,12.15
2023-11-20,12.15
2023-11-21,12.15
2023-11-22,12.15
2023-11-23,12.15
2023-11-24,12.15
2023-11-27,12.15
2023-11-28,12.15
2023-11-29,12.15
2023-11-30,12.15
2023-12-01,12.15
2023-12-04,12.15
2023-12-05,12.15
2023-12-06,12.15
2023-12-07,12.15
2023-12-08,12.15
2023-12-11,12.15
2023-12-12,12.15
2023-12-13,12.15
2023-12-14,11.65
2023-12-15,11.65
2023-12-18,11.65
2023-12-19,11.65
2023-12-20,11.65
2023-12-21,11.65
2023-12-22,11.65
2023-12-26,11.65
2023-12-27,11.65
2023-12-28,11.65
2023-12-29,11.65
2024-01-02,11.65
2024-01-03,11.65
2024-01-04,11.65
2024-01-05,11.65
2024-01-08,11.65
2024-01-09,11.65
2024-01-10,11.65
2024-01-11,11.65
2024-01-12,11.65
2024-01-15,11.65
2024-01-16,11.65
2024-01-17,11.65
2024-01-18,11.65
2024-01-19,11.65
2024-01-22,11.65
2024-01-23,11.65
2024-01-24,11.65
2024-01-25,11.65
2024-01-26,11.65
2024-01-29,11.65
2024-01-30,11.65
2024-01-31,11.65
2024-02-01,11.15
2024-02-02,11.15
2024-02-05,11.15
2024-02-06,11.15
2024-02-07,11.15
2024-02-08,11.15
2024-02-09,11.15
2024-02-14,11.15
2024-02-15,11.15
2024-02-16,11.15
2024-02-19,11.15
2024-02-20,11.15
2024-02-21,11.15
2024-02-22,11.15
2024-02-23,11.15
2024-02-26,11.15
2024-02-27,11.15
2024-02-28,11.15
2024-02-29,11.15
2024-03-01,11.15
2024-03-04,11.15
2024-03-05,11.15
2024-03-06,11.15
2024-03-07,11.15
2024-03-08,11.15
2024-03-11,11.15
2024-03-12,11.15
2024-03-13,11.15
2024-03-14,11.15
2024-03-15,11.15
2024-03-18,11.15
2024-03-19,11.15
2024-03-20,11.15
2024-03-21,10.65
2024-03-22,10.65
2024-03-25,10.65
2024-03-26,10.65
2024-03-27,10.65
2024-03-28,10.65
2024-04-01,10.65
2024-04-02,10.65
2024-04-03,10.65
2024-04-04,10.65
2024-04-05,10.65
2024-04-08,10.65
2024-04-09,10.65
2024-04-10,10.65
2024-04-11,10.65
2024-04-12,10.65
2024-04-15,10.65
2024-04-16,10.65
2024-04-17,10.65
2024-04-18,10.65
2024-04-19,10.65
2024-04-22,10.65
2024-04-23,10.65
2024-04-24,10.65
2024-04-25,10.65
2024-04-26,10.65
2024-04-29,10.65
2024-04-30,10.65
2024-05-02,10.65
2024-05-03,10.65
2024-05-06,10.65
2024-05-07,10.65
2024-05-08,10.65
2024-05-09,10.40
2024-05-10,10.40
2024-05-13,10.40
2024-05-14,10.40
2024-05-15,10.40
2024-05-16,10.40
2024-05-17,10.40
2024-05-20,10.40
2024-05-21,10.40
2024-05-22,10.40
2024-05-23,10.40
2024-05-24,10.40
2024-05-27,10.40
2024-05-28,10.40
2024-05-29,10.40
2024-05-31,10.40
2024-06-03,10.40
2024-06-04,10.40
2024-06-05,10.40
2024-06-06,10.40
2024-06-07,10.40
2024-06-10,10.40
2024-06-11,10.40
2024-06-12,10.40
2024-06-13,10.40
2024-06-14,10.40
2024-06-17,10.40
2024-06-18,10.40
2024-06-19,10.40
2024-06-20,10.40
2024-06-21,10.40
2024-06-24,10.40
2024-06-25,10.40
2024-06-26,10.40
2024-06-27,10.40
2024-06-28,10.40
2024-07-01,10.40
2024-07-02,10.40
2024-07-03,10.40
2024-07-04,10.40
2024-07-05,10.40
2024-07-08,10.40
2024-07-09,10.40
2024-07-10,10.40
2024-07-11,10.40
2024-07-12,10.40
2024-07-15,10.40
2024-07-16,10.40
2024-07-17,10.40
2024-07-18,10.40
2024-07-19,10.40
2024-07-22,10.40
2024-07-23,10.40
2024-07-24,10.40
2024-07-25,10.40
2024-07-26,10.40
2024-07-29,10.40
2024-07-30,10.40
2024-07-31,10.40
2024-08-01,10.40
2024-08-02,10.40
2024-08-05,10.40
2024-08-06,10.40
2024-08-07,10.40
2024-08-08,10.40
2024-08-09,10.40
2024-08-12,10.40
2024-08-13,10.40
2024-08-14,10.40
2024-08-15,10.40
2024-08-16,10.40
2024-08-19,10.40
2024-08-20,10.40
2024-08-21,10.40
2024-08-22,10.40
2024-08-23,10.40
2024-08-26,10.40
2024-08-27,10.40
2024-08-28,10.40
2024-08-29,10.40
2024-08-30,10.40
2024-09-02,10.40
2024-09-03,10.40
2024-09-04,10.40
2024-09-05,10.40
2024-09-06,10.40
2024-09-09,10.40
2024-09-10,10.40
2024-09-11,10.40
2024-09-12,10.40
2024-09-13,10.40
2024-09-16,10.40
2024-09-17,10.40
2024-09-18,10.40
2024-09-19,10.65
2024-09-20,10.65
2024-09-23,10.65
2024-09-24,10.65
2024-09-25,10.65
2024-09-26,10.65
2024-09-27,10.65
2024-09-30,10.65
2024-10-01,10.65
2024-10-02,10.65
2024-10-03,10.65
2024-10-04,10.65
2024-10-07,10.65
2024-10-08,10.65
2024-10-09,10.65
2024-10-10,10.65
2024-10-11,10.65
2024-10-14,10.65
2024-10-15,10.65
2024-10-16,10.65
2024-10-17,10.65
2024-10-18,10.65
2024-10-21,10.65
2024-10-22,10.65
2024-10-23,10.65
2024-10-24,10.65
2024-10-25,10.65
2024-10-28,10.65
2024-10-29,10.65
2024-10-30,10.65
2024-10-31,10.65
2024-11-01,10.65
2024-11-04,10.65
2024-11-05,10.65
2024-11-06,10.65
2024-11-07,11.15
2024-11-08,11.15
2024-11-11,11.15
2024-11-12,11.15
2024-11-13,11.15
2024-11-14,11.15
2024-11-18,11.15
2024-11-19,11.15
2024-11-21,11.15
2024-11-22,11.15
2024-11-25,11.15
2024-11-26,11.15
2024-11-27,11.15
2024-11-28,11.15
2024-11-29,11.15
2024-12-02,11.15
2024-12-03,11.15
2024-12-04,11.15
2024-12-05,11.15
2024-12-06,11.15
2024-12-09,11.15
2024-12-10,11.15
2024-12-11,11.15
2024-12-12,12.15
2024-12-13,12.15
2024-12-16,12.15
2024-12-17,12.15
2024-12-18,12.15
2024-12-19,12.15
2024-12-20,12.15
2024-12-23,12.15
2024-12-24,12.15
2024-12-26,12.15
2024-12-27,12.15
2024-12-30,12.15
2024-12-31,12.15
2025-01-02,12.15
2025-01-03,12.15
2025-01-06,12.15
2025-01-07,12.15
2025-01-08,12.15
2025-01-09,12.15
2025-01-10,12.15
2025-01-13,12.15
2025-01-14,12.15
2025-01-15,12.15
2025-01-16,12.15
2025-01-17,12.15
2025-01-20,12.15
2025-01-21,12.15
2025-01-22,12.15
2025-01-23,12.15
2025-01-24,12.15
2025-01-27,12.15
2025-01-28,12.15
2025-01-29,12.15
2025-01-30,13.15
2025-01-31,13.15
2025-02-03,13.15
2025-02-04,13.15
2025-02-05,13.15
2025-02-06,13.15
2025-02-07,13.15
2025-02-10,13.15
2025-02-11,13.15
2025-02-12,13.15
2025-02-13,13.15
2025-02-14,13.15
2025-02-17,13.15
2025-02-18,13.15
2025-02-19,13.15
2025-02-20,13.15
2025-02-21,13.15
2025-02-24,13.15
2025-02-25,13.15
2025-02-26,13.15
2025-02-27,13.15
2025-02-28,13.15
2025-03-05,13.15
2025-03-06,13.15
2025-03-07,13.15
2025-03-10,13.15
2025-03-11,13.15
2025-03-12,13.15
2025-03-13,13.15
2025-03-14,13.15
2025-03-17,13.15
2025-03-18,13.15
2025-03-19,13.15
2025-03-20,14.15
2025-03-21,14.15
2025-03-24,14.15
2025-03-25,14.15
2025-03-26,14.15
2025-03-27,14.15
2025-03-28,14.15
2025-03-31,14.15
2025-04-01,14.15
2025-04-02,14.15
2025-04-03,14.15
2025-04-04,14.15
2025-04-07,14.15
2025-04-08,14.15
2025-04-09,14.15
2025-04-10,14.15
2025-04-11,14.15
2025-04-14,14.15
2025-04-15,14.15
2025-04-16,14.15
2025-04-17,14.15
2025-04-22,14.15
2025-04-23,14.15
2025-04-24,14.15
2025-04-25,14.15
2025-04-28,14.15
2025-04-29,14.15
